8000/0,"Neoplasm, benign"
8000/1,"Neoplasm, uncertain whether benign or malignant"
8000/2,"Neoplasm, in situ"
8000/3,"Neoplasm, malignant"
8000/6,"Neoplasm, metastatic"
8000/9,"Neoplasm, malignant, uncertain whether primary or metastatic"
8001/0,"Tumor cells, benign"
8001/1,"Tumor cells, uncertain whether benign or malignant"
8001/3,"Tumor cells, malignant"
8002/3,"Malignant tumor, small cell type"
8003/3,"Malignant tumor, giant cell type"
8004/3,"Malignant tumor, spindle cell type"
8005/0,"Clear cell tumor, NOS"
8005/3,"Malignant tumor, clear cell type"
8010/0,"Epithelial tumor, benign"
8010/2,"Carcinoma in situ, NOS"
8010/3,"Carcinoma, NOS"
8010/6,"Carcinoma, NOS"
8010/9,Carcinomatosis
8011/0,"Epithelioma, benign"
8011/2,"Epithelioma, in situ"
8011/3,"Epithelioma, malignant"
8012/2,"Large cell carcinoma, in situ"
8012/3,"Large cell carcinoma, NOS"
8013/3,Large cell neuroendocrine carcinoma
8014/3,Large cell carcinoma with rhabdoid phenotype
8015/3,Glassy cell carcinoma
8020/3,"Carcinoma, undifferentiated, NOS"
8021/3,"Carcinoma, anaplastic, NOS"
8022/2,Pleomorphic carcinoma in situ
8022/3,Pleomorphic carcinoma
8030/2,Giant cell and spindle cell carcinoma in situ
8030/3,Giant cell and spindle cell carcinoma
8031/2,Giant cell carcinoma in situ
8031/3,Giant cell carcinoma
8032/2,Spindle cell carcinoma in situ
8032/3,"Spindle cell carcinoma, NOS"
8033/2,"Pseudosarcomatous carcinoma, in situ"
8033/3,Pseudosarcomatous carcinoma
8034/3,Polygonal cell carcinoma
8035/3,Carcinoma with osteoclast-like giant cells
8040/0,"Tumorlet, benign"
8040/1,"Tumorlet, NOS"
8040/3,"Tumorlet, malignant"
8041/2,"Small cell carcinoma, in situ"
8041/3,"Small cell carcinoma, NOS"
8042/2,Oat cell carcinoma in situ (C34._)
8042/3,Oat cell carcinoma (C34._)
8043/3,"Small cell carcinoma, fusiform cell (C34._)"
8044/3,"Small cell carcinoma, intermediate cell (C34._)"
8045/3,Combined small cell carcinoma (C34._)
8046/2,Non-small cell carcinoma in situ (C34._)
8046/3,Non-small cell carcinoma (C34._)
8050/0,"Papilloma, NOS"
8050/1,Papilloma of uncertain malignant potential
8050/2,Papillary carcinoma in situ
8050/3,"Papillary carcinoma, NOS"
8051/0,Verrucous papilloma
8051/2,Verrucous carcinoma in situ
8051/3,"Verrucous carcinoma, NOS"
8052/0,"Squamous cell papilloma, NOS"
8052/2,"Papillary squamous cell carcinoma, non-invasive"
8052/3,Papillary squamous cell carcinoma
8053/0,"Squamous cell papilloma, inverted"
8053/3,"Squamous cell papilloma, inverted, malignant"
8060/0,Squamous papillomatosis
8070/2,"Squamous cell carcinoma in situ, NOS"
8070/3,"Squamous cell carcinoma, NOS"
8070/6,"Squamous cell carcinoma, metastatic, NOS"
8071/2,"Squamous cell carcinoma in situ, keratinizing, NOS"
8071/3,"Squamous cell carcinoma, keratinizing, NOS"
8072/2,"Squamous cell carcinoma, large cell, nonkeratinizing, in situ"
8072/3,"Squamous cell carcinoma, large cell, nonkeratinizing, NOS"
8073/2,"Squamous cell carcinoma, small cell, nonkeratinizing, in situ"
8073/3,"Squamous cell carcinoma, small cell, nonkeratinizing"
8074/2,"Squamous cell carcinoma, spindle cell, in situ"
8074/3,"Squamous cell carcinoma, spindle cell"
8075/2,"Squamous cell carcinoma, adenoid, in situ"
8075/3,"Squamous cell carcinoma, adenoid"
8076/2,Squamous cell CIS with questionable stromal invasion (C53._)
8076/3,"Squamous cell carcinoma, micro-invasive (C53._)"
8077/3,"Squamous cell carcinoma, grade III (C53._)"
8078/3,Squamous cell carcinoma with horn formation
8080/2,Queyrat erythroplasia (C60._)
8080/3,"Queyrat erythroplasia, malignant (C60._)"
8081/2,Bowen disease (C44._)
8081/3,"Bowen's disease, malignant (C44._)"
8082/2,Lymphoepithelial carcinoma in situ
8082/3,Lymphoepithelial carcinoma
8083/2,Basaloid squamous cell carcinoma in situ
8083/3,Basaloid squamous cell carcinoma
8084/3,"Squamous cell carcinoma, clear cell type"
8090/1,Basal cell tumor (C44._)
8090/2,Basal cell carcinoma in situ (C44._)
8090/3,"Basal cell carcinoma, NOS (C44._)"
8091/2,"Multicentric basal cell carcinoma, in situ (C44._)"
8091/3,Multifocal superficial basal cell carcinoma (C44._)
8092/3,"Infiltrating basal cell carcinoma, NOS (C44._)"
8093/3,"Basal cell carcinoma, fibroepithelial (C44._)"
8094/2,Basosquamous carcinoma in situ (C44._)
8094/3,Basosquamous carcinoma (C44._)
8095/3,Metatypical carcinoma (C44._)
8096/0,Intraepidermal epithelioma of Jadassohn (C44._)
8325/0,Metanephric adenoma (C64._)
8097/3,"Basal cell carcinoma, nodular (C44._)"
8098/3,Adenoid basal cell carcinoma (C53._)
8100/0,Trichoepithelioma (C44._)
8100/3,"Trichoepithelioma, malignant (C44._)"
8101/0,Trichofolliculoma (C44._)
8102/0,Trichilemmoma (C44._)
8102/3,Trichilemmocarcinoma (C44._)
8103/0,Pilar tumor (C44._)
8103/3,"Pilar tumor, malignant (C44._)"
8110/0,Pilomatrixoma (C44._)
8110/3,Pilomatrix carcinoma (C44._)
8120/0,"Transitional cell papilloma, benign"
8120/1,"Urothelial papilloma, NOS (C65.9, C66.9, C67._)"
8120/2,"Transitional cell carcinoma in situ (C65.9, C66.9, C67._)"
8120/3,"Transitional cell carcinoma, NOS (C65.9, C66.9, C67._)"
8121/0,"Schneiderian papilloma, NOS (C30.0, C31._)"
8121/1,"Transitional cell papilloma, inverted, NOS (C30.0, C31._)"
8121/2,"Transitional cell carcinoma in situ, inverted, NOS (C30.0, C31._)"
8121/3,"Schneiderian carcinoma (C30.0, C31._)"
8122/3,"Transitional cell carcinoma, spindle cell"
8123/2,"Basaloid carcinoma, in situ (C21.1)"
8123/3,Basaloid carcinoma (C21.1)
8124/2,Cloacogenic carcinoma in situ (C21.2)
8124/3,Cloacogenic carcinoma (C21.2)
8130/1,Papillary transitional cell neoplasm of low malignant potential
8130/2,"Papillary transitional cell carcinoma, non-invasive (C65.9, C66.9, C67._)"
8130/3,Papillary transitional cell carcinoma
8131/2,"Transitional cell carcinoma in situ, micropapillary"
8131/3,"Transitional cell carcinoma, micropapillary"
8140/0,"Adenoma, NOS (C61.9)"
8140/1,Atypical adenoma (C34._)
8140/2,"Adenocarcinoma in situ, NOS"
8140/3,"Adenocarcinoma, NOS"
8140/6,"Adenocarcinoma, metastatic, NOS"
8141/2,Scirrhous adenocarcinoma in situ
8141/3,Scirrhous adenocarcinoma
8142/3,Linitis plastica (C16._)
8143/2,Superficial spreading adenocarcinoma in situ
8143/3,Superficial spreading adenocarcinoma
8144/2,"Adenocarcinoma in situ, intestinal type (C16._)"
8144/3,"Adenocarcinoma, intestinal type (C16._)"
8145/2,"Carcinoma in situ, diffuse type (C16._)"
8145/3,"Carcinoma, diffuse type (C16._)"
8146/0,Monomorphic adenoma
8146/2,"Monomorphic adenoma, in situ"
8146/3,Monomorphic adenocarcinoma
8147/0,"Basal cell adenoma (C07._, C08._)"
8147/3,"Basal cell adenocarcinoma (C07._, C08._)"
8149/0,Canalicular adenoma
8150/0,"Pancreatic endocrine tumor, benign (C25._) (ICD-O-3 update)"
8150/1,"Pancreatic endocrine tumor, NOS (C25._) (ICD-O-3 update)"
8150/3,"Pancreatic endocrine tumor, malignant (C25._) (ICD-O-3 update)"
8151/0,"Insulinoma, NOS (C25._)"
8151/3,"Insulinoma, malignant (C25._)"
8152/1,"Glucagonoma, NOS (C25._)"
8152/3,"Glucagonoma, malignant (C25._)"
8153/0,"Gastrinoma, benign (C25._)"
8153/1,"Gastrinoma, NOS (C25._)"
8153/3,"Gastrinoma, malignant (C25._)"
8154/3,"Mixed pancreatic endocrine and exocrine tumor, malignant (C25._) (ICD-O-3 updated)"
8155/1,"Vipoma, NOS"
8155/3,"Vipoma, malignant"
8156/1,"Somatostatinoma, NOS (C25._)"
8156/3,"Somatostatinoma, malignant (C25._)"
8157/1,"Enteroglucagonoma, NOS (C25._)"
8157/3,"Enteroglucagonoma, malignant (C25._)"
8160/0,"Bile duct adenoma (C22.1, C24.0)"
8160/2,"Bile duct adenocarcinoma in situ (C22.1, C24.0)"
8160/3,"Cholangiocarcinoma (C22.1, C24.0)"
8161/0,Bile duct cystadenoma (C22.0)
8161/3,Bile duct cystadenocarcinoma (C22.1)
8162/3,Klatskin tumor (C22.1)
8170/0,Liver cell adenoma (C22.0)
8170/2,Hepatocellular carcinoma in situ (C22.0)
8170/3,"Hepatocellular carcinoma, NOS (C22.0)"
8171/3,"Hepatocellular carcinoma, fibrolamellar (C22.0)"
8172/3,"Hepatocellular carcinoma, scirrhous (C22.0)"
8173/3,"Hepatocellular carcinoma, spindle cell variant (C22.0)"
8174/3,"Hepatocellular carcinoma, clear cell type (C22.0)"
8175/3,"Hepatocellular carcinoma, pleomorphic type (C22.0)"
8180/3,Combined hepatocellular carcinoma and cholangiocarcinoma (C22.0)
8190/0,Trabecular adenoma
8190/3,Trabecular adenocarcinoma
8191/0,Embryonal adenoma
8200/0,Eccrine dermal cylindroma (C44._)
8200/2,Adenoid cystic carcinoma in situ
8200/3,Adenoid cystic carcinoma
8201/2,Cribriform carcinoma in situ (C50._)
8201/3,"Cribriform carcinoma, NOS (C50._)"
8202/0,Microcystic adenoma (C25._)
8204/0,Lactating adenoma (C50._)
8210/0,"Adenomatous polyp, NOS"
8210/2,Adenocarcinoma in situ in adenomatous polyp
8210/3,Adenocarcinoma in adenomatous polyp
8211/0,"Tubular adenoma, NOS"
8211/2,Tubular adenocarcinoma in situ
8211/3,Tubular adenocarcinoma
8212/0,Flat adenoma
8213/0,Serrated adenoma
8213/2,"Serrated adenoma, in situ"
8214/3,Parietal cell carcinoma
8215/3,Adenocarcinoma of anal glands (C21.1)
8220/0,Adenomatous polyposis coli (C18._)
8220/2,Adenocarcinoma in situ in adenomatous polyposis coli (C18._)
8220/3,Adenocarcinoma in adenomatous polyposis coli (C18._)
8221/0,Multiple adenomatous polyps
8221/2,Adenocarcinoma in situ in multiple adenomatous polyposis coli
8221/3,Adenocarcinoma in multiple adenomatous polyposis coli
8230/2,"Ductal carcinoma in situ, solid type"
8230/3,"Solid carcinoma, NOS"
8231/3,Carcinoma simplex
8240/0,"Carcinoid tumor, benign"
8240/1,Carcinoid tumor of uncertain malignant potential (C18.1)
8240/2,"Carcinoid tumor, in situ (C18.1)"
8240/3,"Carcinoid tumor, NOS"
8240/6,"Carcinoid tumor, NOS"
8241/0,"Enterochromaffin cell carcinoid, benign"
8241/3,Enterochromaffin cell carcinoid
8241/6,Enterochromaffin cell carcinoid
8242/0,"Enterochromaffin-like cell carcinoid, benign"
8242/1,"Enterochromaffin-like cell carcinoid, NOS"
8242/3,"Enterochromaffin-like cell tumor, malignant"
8242/6,"Enterochromaffin-like cell tumor, malignant"
8243/3,Goblet cell carcinoid
8243/6,Goblet cell carcinoid
8244/2,"Mixed adenoneuroendocrine carcinoma, in situ (ICD-O-3 update)"
8244/3,Mixed adenoneuroendocrine carcinoma
8245/1,Tubular carcinoid
8245/3,Adenocarcinoid tumor
8245/6,Adenocarcinoid tumor
8246/2,Neuroendocrine carcinoma in situ
8246/3,"Neuroendocrine carcinoma, NOS"
8246/6,"Neuroendocrine carcinoma, NOS"
8247/2,"Merkel cell carcinoma, in situ (C44._)"
8247/3,Merkel cell carcinoma (C44._)
8247/6,Merkel cell carcinoma (C44._)
8248/1,Apudoma
8248/3,"Apudoma, malignant"
8249/3,Atypical carcinoid tumor
8249/6,Atypical carcinoid tumor
8250/1,Pulmonary adenomatosis (C34._)
8251/0,Alveolar adenoma (C34._)
8251/3,Alveolar adenocarcinoma (C34._)
8252/2,"Bronchio-alveolar carcinoma, non-mucinous in situ (C34._)"
8252/3,"Bronchio-alveolar carcinoma, non-mucinous (C34._)"
8253/2,"Bronchio-alveolar carcinoma, mucinous, in situ (C34._)"
8255/2,"Adenocarcinoma with mixed subtypes, in situ"
8255/3,Adenocarcinoma with mixed subtypes
8260/0,"Papillary adenoma, NOS"
8260/2,"Papillary adenocarcinoma in situ, NOS"
8260/3,"Papillary adenocarcinoma, NOS"
8261/0,"Villous adenoma, NOS"
8261/2,Adenocarcinoma in situ in villous adenoma
8261/3,Adenocarcinoma in villous adenoma
8262/2,Villous adenocarcinoma in situ
8262/3,Villous adenocarcinoma
8263/0,"Tubulovillous adenoma, NOS"
8263/2,Adenocarcinoma in situ in tubulovillous adenoma
8263/3,Adenocarcinoma in tubulovillous adenoma
8264/0,"Papillomatosis, glandular (C22.1, C24.0)"
8270/0,Chromophobe adenoma (C75.1)
8270/1,"Chromophobe adenoma, borderline (C75.1)"
8270/3,Chromophobe carcinoma (C75.1)
8271/0,Prolactinoma (C75.1)
8271/3,"Prolactinoma, malignant (C75.1)"
8272/0,"Pituitary adenoma, NOS (C75.1)"
8272/1,"Pituitary, borderline malignancy (C75.1)"
8272/3,"Pituitary carcinoma, NOS (C75.1)"
8280/0,Acidophil adenoma (C75.1)
8280/3,Acidophil carcinoma (C75.1)
8281/0,Mixed acidophil-basophil adenoma (C75.1)
8281/3,Mixed acidophil-basophil carcinoma (C75.1)
8290/0,Oxyphillic adenoma (C73.9)
8290/2,Oxyphillic adenocarcinoma in situ (C73.9)
8290/3,Oxyphillic adenocarcinoma (C73.9)
8300/0,Basophil adenoma (C75.1)
8300/3,Basophil carcinoma (C75.1)
8310/0,Clear cell adenoma
8310/2,Clear cell adenocarcinoma in situ
8310/3,"Clear cell adenocarcinoma, NOS"
8311/1,Hypernephroid tumor [obs]
8312/2,Renal cell carcinoma in situ (C64.9)
8312/3,Renal cell carcinoma (C64.9)
8313/0,Clear cell adenofibroma (C56.9)
8313/1,Clear cell adenofibroma of borderline malignancy (C56.9)
8313/3,Clear cell adenocarcinofibroma (C56.9)
8314/3,Lipid-rich carcinoma (C50._)
8315/3,Glycogen-rich carcinoma (C50._)
8316/2,Cyst-associated renal cell carcinoma in situ (C64.9)
8316/3,Cyst-associated renal cell carcinoma (C64.9)
8317/3,"Renal cell carcinoma, chromophobe type (C64.9)"
8318/3,"Renal cell carcinoma, sarcomatoid (C64.9)"
8319/3,Collecting duct carcinoma (C64.9)
8320/3,Granular cell carcinoma
8321/0,Chief cell adenoma (C75.0)
8322/0,Water-clear cell adenoma (C75.0)
8322/3,Water-clear cell adenocarcinoma (C75.0)
8323/0,Mixed cell adenoma
8323/2,Mixed cell adenocarcinoma in situ
8323/3,Mixed cell adenocarcinoma
8324/0,Lipoadenoma
8325/3,Metanephric adenocarcinoma (C64._)
8330/0,Follicular adenoma (C73.9)
8330/1,Atypical follicular adenoma (C73.9)
8330/2,Follicular adenocarcinoma in situ (C73.9)
8330/3,"Follicular adenocarcinoma, NOS (C73.9)"
8331/3,Follicular adenocarcinoma well differentiated (C73.9)
8332/3,Follicular adenocarcinoma trabecular (C73.9)
8333/0,"Microfollicular adenoma, NOS (C73.9)"
8333/3,Fetal adenocarcinoma
8334/0,Macrofollicular adenoma (C73.9)
8335/2,Macrofollicular carcinoma in situ (C73.9)
8335/3,"Follicular carcinoma, minimally invasive (C73.9)"
8336/0,Hyalinizing trabecular adenoma (C73.9)
8337/3,Insular carcinoma (C73.9)
8340/2,"Papillary carcinoma follicular variant, in situ follicular variant (C73.9)"
8340/3,"Papillary carcinoma, follicular variant (C73.9)"
8341/2,Papillary microcarcinoma in situ (C73.9)
8341/3,Papillary microcarcinoma (C73.9)
8342/2,"Papillary carcinoma, encapsulated, in situ (C73.9)"
8342/3,"Papillary carcinoma, oxyphilic cell (C73.9)"
8343/3,"Papillary carcinoma, encapsulated (C73.9)"
8344/3,"Papillary carcinoma, columnar cell (C73.9)"
8345/3,Medullary carcinoma with amyloid stroma (C73.9)
8346/3,Mixed medullary-follicular carcinoma (C73.9)
8347/3,Mixed medullary-papillary carcinoma (C73.9)
8350/3,Nonencapsulated sclerosing carcinoma (C73.9)
8360/1,Multiple endocrine adenomas (C75.8)
8361/0,Juxtaglomerular tumor (C64._)
8370/0,"Adrenal cortical adenoma, NOS (C74.0)"
8370/2,Adrenal cortical carcinoma in situ (C74.0)
8370/3,Adrenal cortical carcinoma (C74.0)
8371/0,"Adrenal cortical adenoma, compact cell (C74.0)"
8372/0,"Adrenal cortical adenoma, pigmented (C74.0)"
8373/0,"Adrenal cortical adenoma, clear cell (C74.0)"
8374/0,"Adrenal cortical adenoma, glomerulosa cell (C74.0)"
8375/0,"Adrenal cortical adenoma, mixed cell (C74.0)"
8380/0,"Endometrioid adenoma, NOS (C56.9 [F], C61.9 [M])"
8380/1,"Endometrioid adenoma, borderline malignancy (C56.9 [F], C61.9 [M])"
8380/2,"Endometrioid adenocarcinoma in situ (C56.9 [F], C61.9 [M])"
8380/3,Endometrioid carcinoma (C56.9)
8381/0,"Endometrioid adenofibroma, NOS (C56.9 [F], C61.9 [M])"
8381/1,"Endometrioid adenofibroma, borderline malignancy (C56.9 [F], C61.9 [M])"
8381/2,"Endometrioid adenofibroma in situ (C56.9 [F], C61.9 [M])"
8381/3,"Endometrioid adenofibroma, malignant (C56.9 [F], C61.9 [M])"
8382/2,"Endometrioid adenocarcinoma in situ, secretory variant (C56.9 [F], C61.9 [M])"
8382/3,"Endometrioid adenocarcinoma, secretory variant (C56.9 [F], C61.9 [M])"
8383/3,"Endometrioid adenocarcinoma, ciliated cell variant (C56.9 [F], C61.9 [M])"
8384/2,"Adenocarcinoma, endocervical type, in situ (C53._)"
8384/3,"Adenocarcinoma, endocervical type (C53._)"
8390/0,Skin appendage adenoma (C44._)
8390/2,Skin appendage carcinoma in situ (C44._)
8390/3,Skin appendage carcinoma (C44._)
8391/0,Follicular fibroma (C44._)
8392/0,Syringofibroadenoma (C44._)
8400/0,Sweat gland adenoma (C44._)
8400/1,"Sweat gland tumor, NOS (C44._)"
8400/2,Sweat gland adenocarcinoma in situ (C44._)
8400/3,Sweat gland adenocarcinoma (C44._)
8401/0,Apocrine adenoma (C44._)
8401/2,Apocrine adenocarcinoma in situ (C44._)
8401/3,Apocrine adenocarcinoma (C44._)
8402/0,Nodular hidradenoma (C44._)
8402/2,"Nodular hidradenoma, in situ (C44._)"
8402/3,"Nodular hidradenoma, malignant (C44._)"
8403/0,Eccrine spiradenoma (C44._)
8403/3,Malignant eccrine spiradenoma (C44._)
8404/0,Hidrocystoma (C44._)
8405/0,Papillary hidradenoma (C44._)
8406/0,Papillary syringadenoma (C44._)
8406/3,Papillary syringadenocarcinoma (C44._)
8407/0,"Syringoma, NOS (C44._)"
8407/3,Sclerosing sweat duct carcinoma (C44._)
8408/0,Eccrine papillary adenoma (C44._)
8408/1,Aggressive digital papillary adenoma (C44._)
8408/3,Eccrine papillary adenocarcinoma (C44._)
8409/0,Eccrine poroma (C44._)
8409/2,"Eccrine poroma, in situ (C44._)"
8409/3,"Eccrine poroma, malignant (C44._)"
8410/0,Sebaceous adenoma (C44._)
8410/2,Sebaceous adenocarcinoma in situ (C44._)
8410/3,Sebaceous adenocarcinoma (C44._)
8413/3,Eccrine adenocarcinoma (C44._)
8420/0,Ceruminous adenoma (C44.2)
8420/3,Ceruminous adenocarcinoma (C44.2)
8430/1,Mucoepidermoid tumor [OBS]
8430/2,Mucoepidermoid carcinoma in situ
8430/3,Mucoepidermoid carcinoma
8440/0,"Cystadenoma, NOS"
8440/2,"Cystadenocarcinoma, in situ"
8440/3,"Cystadenocarcinoma, NOS"
8441/0,"Serous cystadenoma, NOS (C56.9)"
8441/2,"Serous cystadenoma in situ, NOS (C56.9)"
8441/3,"Serous cystadenocarcinoma, NOS (C56.9)"
8442/1,"Serous cystadenoma, borderline malignancy (C56.9)"
8442/2,Proliferating serous carcinoma in situ (C56.9)
8442/3,Proliferating serous carcinoma malignant (C56.9)
8443/0,Clear cell cystadenoma (C56.9)
8443/3,Clear cell cystadenocarcinoma (C56.9)
8444/1,Clear cell cystic tumor of borderline malignancy (C56.9)
8444/3,"Clear cell cystic tumor, malignant (C56.9)"
8450/0,"Papillary cystadenoma, NOS (C56.9)"
8450/2,"Papillary cystadenocarcinoma in situ, NOS (C56.9)"
8450/3,"Papillary cystadenocarcinoma, NOS (C56.9)"
8451/1,"Papillary cystadenoma, borderline malignancy (C56.9)"
8452/1,Solid pseudopapillary tumor (C25._)
8452/3,Solid pseudopapillary carcinoma (C25._)
8453/0,Intraductal papillary-mucinous adenoma (C25._)
8453/1,Intraductal papillary-mucinous tumor with moderate dysplasia (C25._)
8453/2,"Intraductal papillary-mucinous carcinoma, non-invasive (C25._)"
8453/3,"Intraductal papillary-mucinous carcinoma, invasive (C25._)"
8454/0,Cystic tumor of atrio-ventricular node (C38.0)
8460/0,"Papillary serous cystadenoma, NOS (C56.9)"
8460/2,"Papillary serous cystadenocarcinoma in situ, NOS (C56.9)"
8460/3,Papillary serous cystadenocarcinoma (C56.9)
8461/0,Serous surface papilloma (C56.9)
8461/2,"Serous surface papilloma, in situ (C56.9)"
8461/3,Serous surface papillary carcinoma (C56.9)
8462/1,"Serous papillary cystic tumor, borderline malignancy (C56.9)"
8463/1,Serous surface papillary tumor of borderline malignancy (C56.9)
8463/3,Serous surface papillary carcinoma (C56.9)
8470/0,Mucinous cystadenoma (C56.9)
8470/1,Mucinous cystic tumor with moderate dysplasia (C25._)
8470/2,"Mucinous cystadenocarcinoma, non-invasive (C25._)"
8470/3,"Mucinous cystadenocarcinoma, NOS (C56.9)"
8471/0,"Papillary mucinous cystadenoma, NOS (C56.9)"
8471/2,"Papillary mucinous cystadenoca situ, NOS (C56.9)"
8471/3,Papillary mucinous cystadenocarcinoma (C56.9)
8472/1,Mucinous cystic tumor of borderline malignancy (C56.9)
8472/2,Mucinous cystic adenocarcinoma in situ (C56.9)
8472/3,Mucinous cystadenocarcinoma (C56.9)
8473/1,"Papillary mucinous cystadenoma, borderline malignancy (C56.9)"
8473/2,"Papillary mucinous cystadenoma, in situ (C56.9)"
8473/3,Papillary pseudomucinous cystadenocarcinoma (C56.9)
8480/0,Mucinous adenoma
8480/2,Mucinous adenocarcinoma in situ
8480/3,Mucinous adenocarcinoma
8480/6,Pseudomyxoma peritonei (C48.2)
8481/2,Mucin-producing adenocarcinoma in situ
8481/3,Mucin-producing adenocarcinoma
8482/3,"Mucinous adenocarcinoma, endocervical type"
8490/0,"Signet ring cell tumor, benign"
8490/2,Signet ring cell carcinoma in situ
8490/3,Signet ring cell carcinoma
8490/6,Metastatic signet ring cell carcinoma (C56.9)
8500/2,"Intraductal carcinoma, noninfiltrating, NOS (C50._)"
8501/2,"Comedocarcinoma, noninfiltrating (C50._)"
8501/3,"Comedocarcinoma, NOS (C50._)"
8502/2,"Secretory carcinoma of breast, in situ (C50._)"
8502/3,Secretory carcinoma of breast (C50._)
8503/0,Intraductal papilloma (C50._)
8503/2,Noninfiltrating intraductal papillary adenocarcinoma (C50._)
8503/3,Intraductal papillary adenocarcinoma with invasion (C50._)
8504/0,Intracystic papillary adenoma
8504/2,Noninfiltrating intracystic carcinoma
8504/3,"Intracystic carcinoma, NOS"
8505/0,"Intraductal papillomatosis, NOS"
8506/0,Adenoma of nipple (C50._)
8507/2,Intraductal micropapillary carcinoma (C50._)
8508/2,"Cystic hypersecretory carcinoma, in situ (C50._)"
8508/3,Cystic hypersecretory carcinoma (C50._)
8510/2,"Medullary carcinoma in situ, NOS (C73.9)"
8510/3,"Medullary carcinoma, NOS (C73.9)"
8512/2,Medullary carcinoma in situ with lymphoid stroma (C50._)
8512/3,Medullary carcinoma with lymphoid stroma (C50._)
8513/3,Atypical medullary carcinoma (C50._)
8514/3,"Duct carcinoma, desmoplastic type (C50._)"
8520/2,Lobular carcinoma in situ (C50._)
8520/3,"Lobular carcinoma, NOS (C50._)"
8521/2,Ductular carcinoma in situ (C50._)
8522/2,Intraductal and lobular in situ carcinoma (C50._)
8522/3,Infiltrating duct and lobular carcinoma (C50._)
8523/2,Intraductal with other types of carcinoma in situ (C50._)
8524/2,"Infiltrating lobular mixed with other types of carcinoma, in situ (C50._)"
8524/3,Infiltrating lobular mixed with other types of carcinoma (C50._)
8525/3,Polymorphous low grade adenocarcinoma
8530/3,Inflammatory carcinoma (C50._)
8540/2,"Paget disease, mammary in situ (C50._)"
8540/3,"Paget disease, mammary (C50._)"
8541/3,Paget disease and infiltrating ductal carcinoma of breast (C50._)
8542/2,"Paget disease (in situ), extramammary (except Paget disease of bone) (C50._)"
8542/3,"Paget disease, extramammary (except Paget disease of bone)"
8543/2,Paget disease in situ and intraductal carcinoma (C50._)
8543/3,Paget disease and intraductal carcinoma (C50._)
8550/0,Acinar cell adenoma
8550/1,Acinar cell tumor [obs]
8550/2,Acinar cell carcinoma in situ
8550/3,Acinar cell carcinoma
8551/3,Acinar cell cystadenocarcinoma
8560/0,Mixed squamous cell and glandular papilloma
8560/2,Squamous cell carcinoma in situ and glandular papilloma
8560/3,Adenosquamous carcinoma
8561/0,"Adenolymphoma (C07._, C08._)"
8561/3,"Warthin tumor, malignant (C07._, C08._)"
8562/2,Epithelial-myoepithelial carcinoma in situ
8562/3,Epithelial-myoepithelial carcinoma
8570/2,Adenocarcinoma in situ with squamous metaplasia
8570/3,Adenocarcinoma with squamous metaplasia
8571/2,"Adenocarcinoma in situ, cartilaginous and osseous metaplasia"
8521/3,Infiltrating ductular carcinoma (C50._)
8571/3,Adenocarcinoma with cartilaginous and osseous metaplasia
8572/0,Adenoma with spindle cell metaplasia
8572/3,Adenocarcinoma with spindle cell metaplasia
8573/2,Adenocarcinoma in situ with apocrine metaplasia
8573/3,Adenocarcinoma with apocrine metaplasia
8574/2,Adenocarcinoma in situ with neuroendocrine differentiation
8574/3,Adenocarcinoma with neuroendocrine differentiation
8575/3,"Metaplastic carcinoma, NOS"
8576/3,Hepatoid adenocarcinoma
8580/0,"Thymoma, benign (C37.9)"
8580/1,"Thymoma, NOS (C37.9)"
8580/2,"Thymoma, in situ, NOS (C37.9)"
8580/3,"Thymoma, malignant, NOS (C37.9)"
8581/1,"Thymoma, type A, NOS (C37.9)"
8581/3,"Thymoma, type A, malignant (C37.9)"
8582/1,"Thymoma, type AB, NOS (C37.9)"
8582/3,"Thymoma, type AB, malignant (C37.9)"
8583/1,"Thymoma, type B1, NOS (C37.9)"
8583/3,"Thymoma, type B1, malignant (C37.9)"
8584/1,"Thymoma, type B2, NOS (C37.9)"
8584/3,"Thymoma, type B2, malignant (C37.9)"
8585/1,"Thymoma, type B3, NOS (C37.9)"
8585/3,"Thymoma, type B3, malignant (C37.9)"
8586/3,"Thymic carcinoma, NOS (C37.9)"
8587/0,Ectopic hamartomatous thymoma (C37.9)
8588/3,Spindle epithelial tumor with thymus-like element (C37.9)
8589/3,Carcinoma showing thymus-like element (C37.9)
8590/1,"Sex cord-gonadal stromal tumor, NOS (C56.9 [F], C62._[M])"
8590/3,"Sex cord-gonadal stromal tumor, malignant, NOS (C56.9 [F], C62._[M])"
8591/1,"Sex cord-gonadal stromal tumor, incompletely differentiated (C56.9 [F], C62._[M])"
8592/1,"Sex cord-gonadal stromal tumor, mixed forms (C56.9 [F], C62._[M])"
8593/1,Stromal tumor with minor sex cord elements (C56.9)
8593/3,"Malignant stromal tumor, with sex cord elements (C56.9)"
8600/0,"Thecoma, NOS (C56.9)"
8600/3,"Thecoma, malignant (C56.9)"
8601/0,"Thecoma, luteinized (C56.9)"
8602/0,Sclerosing stromal tumor (C56.9)
8602/3,"Sclerosing stromal tumor, malignant (C56.9)"
8610/0,"Luteoma, NOS (C56.9)"
8620/1,"Granulosa cell tumor, adult type (C56.9)"
8620/3,"Granulosa cell tumor, malignant (C56.9 )"
8621/1,Granulosa cell-theca cell tumor (C56.9)
8621/3,"Granulosa cell-theca cell tumor, malignant (C56.9)"
8622/1,"Granulosa cell tumor, juvenile (C56.9)"
8622/3,"Juvenile granulosa cell tumor, malignant (C56.9)"
8623/1,Sex cord tumor with annular tubules (C56.9)
8623/3,"Sex cord tumor with annular tubules, malignant (C56.9)"
8630/0,"Androblastoma, benign (C56.9 [F], C62._[M])"
8630/1,"Androblastoma, NOS (C56.9 [F], C62._[M])"
8630/3,"Androblastoma, malignant (C56.9 [F], C62._[M])"
8631/0,"Sertoli-Leydig cell tumor, well differentiated (C56.9 [F], C62._[M])"
8631/1,"Sertoli-Leydig cell tumor of intermediate differentiation (C56.9 [F], C62._[M])"
8631/3,"Sertoli-Leydig cell tumor, poorly differentiated (C56.9 [F], C62._[M])"
8632/1,"Gynandroblastoma (C56.9 [F], C62._[M])"
8632/3,"Gynandroblastoma, malignant (C56.9 [F], C62._[M])"
8633/1,"Sertoli-Leydig cell tumor, retiform (C56.9 [F], C62._[M])"
8634/1,"Sertoli-Leydig cell tumor, intermediate differentiation, with heterologous elements"
8634/3,"Sertoli-Leydig cell tumor, poorly differentiated with heterologous elements (C56.9 [F], C62._[M])"
8640/1,"Sertoli cell tumor, NOS (C56.9 [F], C62._[M])"
8640/3,"Sertoli cell carcinoma (C56.9 [F], C62._[M])"
8641/0,"Sertoli cell tumor with lipid storage (C56.9 [F], C62._[M])"
8642/1,"Large cell calcifying Sertoli cell tumor (C56.9 [F], C62._[M])"
8650/0,"Leydig cell tumor, benign (C56.9 [F], C62._[M])"
8650/1,"Leydig cell tumor, NOS (C56.9 [F], C62._[M])"
8650/3,"Leydig cell tumor, malignant (C56.9 [F], C62._[M])"
8660/0,Hilus cell tumor (C56.9)
8670/0,Lipid cell tumor of ovary (C56.9)
8670/3,"Steroid cell tumor, malignant (C56.9)"
8671/0,Adrenal rest tumor
8680/0,"Paraganglioma, benign (C75.5)"
8680/1,"Paraganglioma, NOS (C75.5)"
8680/3,"Paraganglioma, malignant (C75.5)"
8681/1,Sympathetic paraganglioma (C75.5)
8682/1,Parasympathetic paraganglioma (C75.5)
8683/0,Gangliocytic paraganglioma (C17.0)
8683/3,"Gangliocytic paraganglioma, malignant (C17.0)"
8690/1,"Glomus jugulare tumor, NOS (C75.5)"
8690/3,"Glomus jugulare tumor, malignant (C75.5)"
8691/1,Aortic body tumor (C75.5)
8691/3,"Aortic body tumor, malignant (C75.5)"
8692/1,Carotid body tumor (C75.4)
8692/3,"Carotid body tumor, malignant (C75.4)"
8693/1,"Extra-adrenal paraganglioma, NOS (C75.5)"
8693/3,"Extra-adrenal paraganglioma, malignant (C75.5)"
8700/0,"Pheochromocytoma, NOS (C74.1)"
8700/3,"Pheochromocytoma, malignant (C74.1)"
8710/3,Glomangiosarcoma (C49._)
8711/0,"Glomus tumor, NOS"
8711/3,"Glomus tumor, malignant (C49._)"
8712/0,Glomangioma
8712/3,"Glomangioma, malignant (C49._)"
8713/0,Glomangiomyoma
8720/0,"Pigmented nevus, NOS (C44._)"
8720/2,Melanoma in situ (C44._)
8721/2,"Nodular melanoma, in situ (C44._)"
8721/3,Nodular melanoma (C44._)
8722/0,Balloon cell nevus (C44._)
8722/2,"Balloon cell melanoma, in situ (C44._)"
8722/3,Balloon cell melanoma (C44._)
8723/2,"Melanoma in situ, regressing (C44._)"
8725/0,Neuronevus (C44._)
8726/0,Magnocellular nevus (C69.4)
8726/3,Malignant melanoma in magnocellular nevus (C69.4)
8727/0,Dysplastic nevus ( C44._)
8727/3,"Dysplastic nevus, malignant (C44._)"
8728/0,Diffuse melanocytosis (C70.9)
8728/1,Meningeal melanocytoma (C70.9)
8728/3,Meningeal melanomastosis (C70.9)
8730/0,Nonpigmented nevus (C44._)
8730/3,Amelanotic melanoma (C44._)
8740/0,"Junctional nevus, NOS (C44._)"
8740/2,Melanoma in situ in junctional nevus (C44._)
8740/3,Malignant melanoma in junctional nevus (C44._)
8741/2,"Precancerous melanosis, NOS (C44._)"
8741/3,Malignant melanoma in precancerous melanosis (C44._)
8742/2,Lentigo maligna (C44._)
8742/3,Lentigo maligna melanoma (C44._)
8743/2,Superficial spreading melanoma in situ (C44._)
8743/3,Superficial spreading melanoma (C44._)
8744/2,"Acral lentiginous melanoma, in situ (C44._)"
8744/3,"Acral lentiginous melanoma, in malignant (C44._)"
8745/2,"Desmoplastic melanoma, in situ (C44._)"
8745/3,"Desmoplastic melanoma, malignant (C44._)"
8746/2,Mucosal lentiginous melanoma in situ (C44._)
8746/3,Mucosal lentiginous melanoma (C44._)
8750/0,Intradermal nevus (C44._)
8760/0,Compound nevus (C44._)
8760/2,Melanoma in situ in compound nevus (C44._)
8761/0,Small congenital nevus (C44._)
8761/1,"Giant pigmented nevus, NOS (C44._)"
8761/2,Melanoma in situ in giant pigmented nevus (C44._)
8761/3,Malignant melanoma in giant pigmented nevus (C44._)
8762/1,Proliferative dermal lesion in congenital nevus (C44._)
8770/0,Epithelioid and spindle cell nevus (C44._)
8770/2,Epithelioid and spindle cell melanoma in situ (C44._)
8770/3,Mixed epithelioid and spindle cell melanoma (C44._)
8771/0,Epithelioid cell nevus (C44._)
8771/2,Epithelioid cell melanoma in situ (C44._)
8771/3,Epithelioid cell melanoma (C44._)
8772/0,"Spindle cell nevus, NOS (C44._)"
8772/2,"Spindle cell melanoma in situ, NOS (C44._)"
8772/3,"Spindle cell melanoma, NOS (C44._)"
8773/3,"Spindle cell melanoma, type A (C69._)"
8774/3,"Spindle cell melanoma, type B (C69._)"
8780/0,"Blue nevus, NOS (C44._)"
8780/3,"Blue nevus, malignant (C44._)"
8790/0,Cellular blue nevus (C44._)
8790/3,"Cellular blue nevus, malignant (C44._)"
8800/0,"Soft tissue tumor, benign (C49._)"
8800/3,"Sarcoma, NOS (C49._)"
8800/9,"Sarcomatosis, NOS (C47._, C49._)"
8801/3,Spindle cell sarcoma (C49._)
8802/3,Giant cell sarcoma (C49._)
8803/3,Small cell sarcoma (C49._)
8804/3,Epithelioid sarcoma (C49._)
8805/3,Undifferentiated sarcoma (C49._)
8806/3,Desmoplastic small round cell tumor (C49._)
8810/0,"Fibroma, NOS (C49._)"
8810/1,Cellular fibroma (C56.9)
8810/3,"Fibrosarcoma, NOS (C49._)"
8811/0,Fibromyxoma (C49._)
8811/3,Fibromyxosarcoma (C49._)
8812/0,"Periosteal fibroma (C40._, C41._)"
8812/3,"Periosteal fibrosarcoma (C40._,C41._)"
8813/0,Fascial fibroma (C49._)
8813/3,Fascial fibrosarcoma (C49._)
8814/3,Infantile fibrosarcoma (C49._)
8815/0,Solitary fibrous tumor (C49._)
8815/3,"Solitary fibrous tumor, malignant (C49._)"
8820/0,Elastofibroma (C49._)
8821/1,Aggressive fibromatosis (C49._)
8821/3,"Aggressive fibromatosis, malignant (C49._)"
8822/1,Abdominal fibromatosis (C49._)
8822/3,"Abdominal fibrosis, malignant (C49._)"
8823/0,"Desmoplastic fibroma, benign (C49._)"
8823/1,Desmoplastic fibroma (C49._)
8823/3,Desmoplastic fibrosarcoma (C49._)
8824/0,Myofibroma (C49._)
8824/1,Myofibromatosis (C49._)
8824/3,"Myofibroma, malignant (C49._)"
8825/0,Myofibroblastoma (C49._)
8825/1,"Myofibroblastic tumor, NOS (C49._)"
8826/0,Angiomyofibroblastoma (C49._)
8826/3,"Angiomyofibroblastoma, malignant (C49._)"
8827/1,"Myofibroblastic tumor, peribronchial (C34._)"
8830/0,Benign fibrous histiocytoma (C49._)
8830/1,Atypical fibrous histiocytoma (C49._)
8830/3,Malignant fibrous histiocytoma (C49._)
8831/0,"Histiocytoma, NOS (C49._)"
8831/3,"Histiocytoma, NOS, malignant (C49._)"
8832/0,"Dermatofibroma, NOS (C44._)"
8832/3,"Dermatofibrosarcoma, NOS (C44._)"
8833/3,Pigmented dermatofibrosarcoma protuberans (C44._)
8834/1,Giant cell fibroblastoma
8835/1,Plexiform fibrohistiocytic tumor
8835/3,Malignant plexiform fibrohistiocytic tumor
8836/1,Angiomatoid fibrous histiocytoma
8836/3,Malignant angiomatoid fibrous histiocytoma
8840/0,"Myxoma, NOS (C49._)"
8840/3,Myxosarcoma (C49._)
8841/1,Angiomyxoma (C49._)
8841/3,"Angiomyxoma, malignant (C49._)"
8842/0,Ossifying fibromyxoid tumor
8842/3,"Ossifying fibromyxoid tumor, malignant"
8850/0,"Lipoma, NOS"
8850/1,Atypical lipoma
8850/3,"Liposarcoma, NOS (C49._)"
8851/0,Fibrolipoma
8851/3,"Liposarcoma, well differentiated (C49._)"
8852/0,Fibromyxolipoma
8852/3,Myxoid liposarcoma (C49._)
8853/3,Round cell liposarcoma (C49._)
8854/0,Pleomorphic lipoma
8854/3,Pleomorphic liposarcoma (C49._)
8855/3,Mixed liposarcoma (C49._)
8856/0,Intramuscular lipoma
8857/0,Spindle cell lipoma
8857/3,Fibroblastic liposarcoma (C49._)
8858/3,Dedifferentiated liposarcoma (C49._)
8860/0,Angiomyolipoma
8860/3,Angiomyoliposarcoma (C49._)
8861/0,"Angiolipoma, NOS"
8862/0,Chondroid lipoma
8870/0,Myelolipoma
8880/0,Hibernoma
8881/0,Lipoblastomatosis
8890/0,"Leiomyoma, NOS (C54._, C55.9)"
8890/1,"Leiomyomastosis, NOS (C54._, C55.9)"
8890/3,"Leiomyosarcoma, NOS (C54._, C55.9)"
8891/0,Epithelioid leiomyoma (C49._)
8891/3,Epithelioid leiomyosarcoma (C49._)
8892/0,Cellular leiomyoma (C49._)
8893/0,Bizarre leiomyoma (C49._)
8893/3,"Bizarre leiomyoma, malignant (C49._)"
8894/0,Angiomyoma (C49._)
8894/3,Angiomyosarcoma (C49._)
8895/0,Myoma (C49._)
8895/3,Myosarcoma (C49._)
8896/3,Myxoid leiomyosarcoma (C49._)
8897/1,Smooth muscle tumor of uncertain malignant potential (C49._)
8897/3,Malignant tumor of smooth muscle (C49._)
8898/1,Metastasizing leiomyoma (C49._)
8900/0,"Rhabdomyoma, NOS (C49._)"
8900/3,"Rhabdomyosarcoma, NOS (C49._)"
8901/3,"Pleomorphic rhabdomyosarcoma, adult type (C49._)"
8902/3,Mixed type rhabdomyosarcoma (C49._)
8903/0,Fetal rhabdomyoma (C49._)
8904/0,Adult rhabdomyoma (C49._)
8905/0,"Genital rhabdomyoma (C51._ [F], C62.9 [M])"
8910/3,"Embryonal rhabdomyosarcoma, NOS (C49._)"
8912/3,Spindle cell rhabdomyosarcoma (C49._)
8920/3,Alveolar rhabdomyosarcoma (C49._)
8921/3,Rhabdomyosarcoma with ganglionic differentiation (C49._)
8930/0,Endometrial stromal nodule (C54.1)
8930/3,"Endometrial stromal sarcoma, NOS (C54.1)"
8931/3,"Endometrial stroma sarcoma, low grade (C54.1)"
8932/0,Adenomyoma
8933/3,Adenosarcoma
8934/3,Carcinofibroma
8935/0,"Stromal tumor, benign (C54.1)"
8935/1,"Stromal tumor, NOS (C54.1)"
8935/3,"Stromal sarcoma, NOS (C54.1)"
8936/0,"Gastrointestinal stromal tumor, benign (C26.9)"
8936/1,"Gastrointestinal stromal tumor, NOS (C26.9)"
8936/2,"Gastrointestinal stromal tumor, NOS, in situ (C26.9)"
8936/3,Gastrointestinal stromal sarcoma (C26.9)
8940/0,"Pleomorphic adenoma (C07._, C08._)"
8940/3,"Mixed tumor, malignant, NOS (C07._, C08._)"
8941/2,"Carcinoma in situ in pleomorphic adenoma (C07._, C08._)"
8941/3,"Carcinoma in pleomorphic adenoma (C07._, C08._)"
8950/3,Mullerian mixed tumor (C54._)
8951/3,Mesodermal mixed tumor (C22.0)
8959/0,Benign cystic nephroma (C64._)
8959/1,Cystic partially differentiated nephroblastoma (C64._)
8959/3,Malignant cystic nephroma (C64._)
8960/1,Mesoblastic nephroma (C64._)
8960/3,"Nephroblastoma, NOS (C64._)"
8963/3,Malignant rhabdoid tumor
8964/3,Clear cell sarcoma of kidney (C64._)
8965/0,Nephrogenic adenofibroma (C64._)
8966/0,Renomedullary interstitial cell tumor (C64._)
8967/0,Ossifying renal tumor (C64._)
8970/3,Hepatoblastoma (C22.0)
8971/3,Pancreastoblastoma (C25._)
8972/3,Pulmonary blastoma (C34._)
8973/3,Pleuropulmonary blastoma (C34._)
8974/1,Sialoblastoma
8980/3,"Carcinosarcoma, NOS"
8981/3,"Carcinosarcoma, embryonal"
8982/0,Myoepithelioma
8982/3,Malignant myoepithelioma
8983/0,Adenomyoepithelioma (C50._)
8990/0,"Mesenchymoma, benign (C49._)"
8990/1,"Mesenchymoma, NOS (C49._)"
8990/3,"Mesenchymoma, malignant (C49._)"
8991/3,Embryonal sarcoma (C49._)
9000/0,"Brenner tumor, NOS (C56.9)"
9000/1,"Brenner tumor, borderline malignancy (C56.9)"
9000/3,"Brenner tumor, malignant (C56.9)"
9010/0,"Fibroadenoma, NOS (C50._)"
9011/0,Intracanalicular fibroadenoma (C50._)
9012/0,Pericanalicular fibroadenoma (C50._)
9013/0,"Adenofibroma, NOS (C56.9)"
9013/3,"Adenofibroma, malignant (C56.9)"
9014/0,"Serous adenofibroma, NOS (C56.9)"
9014/1,Serous adenofibroma of borderline malignancy (C56.9)
9014/2,"Serous adenocarcinofibroma, in situ (C56.9)"
9014/3,Serous adenocarcinofibroma (C56.9)
9015/0,"Mucinous adenofibroma, NOS (C56.9)"
9015/1,Mucinous adenofibroma of borderline malignancy (C56.9)
9015/3,Mucinous adenocarcinofibroma (C56.9)
9016/0,Giant fibroadenoma (C50._)
9020/0,"Phyllodes tumor, benign (C50._)"
9020/1,"Phyllodes tumor, borderline (C50._)"
9020/3,"Phyllodes tumor, malignant (C50._)"
9030/0,Juvenile fibroadenoma (C50._)
9040/0,"Synovioma, benign (C49._)"
9040/3,"Synovial sarcoma, NOS (C49._)"
9041/3,"Synovial sarcoma, spindle cell (C49._)"
9042/3,"Synovial sarcoma, epithelioid cell (C49._)"
9043/3,"Synovial sarcoma, biphasic (C49._)"
9044/3,"Clear cell sarcoma, NOS (C49._)"
9050/0,"Mesothelioma, benign"
9050/3,"Mesothelioma, malignant"
9051/0,"Fibrous mesothelioma, benign"
9051/3,"Fibrous mesothelioma, malignant"
9052/0,"Epithelioid mesothelioma, benign"
9052/3,"Epithelioid mesothelioma, malignant"
9053/3,"Mesothelioma, biphasic, malignant"
9054/0,"Adenomatoid tumor, NOS"
9054/3,"Adenomatoid tumor, malignant"
9055/0,"Multicystic mesothelioma, benign (C48._)"
9055/1,"Cystic mesothelioma, NOS (C48._)"
9055/3,"Multicystic mesothelioma, malignant (C48._)"
9060/2,"Dysgerminoma, in situ (C56.9 [F], C62._[M])"
9060/3,"Dysgerminoma (C56.9 [F], C62._[M])"
9061/2,"Seminoma, in situ (C62._)"
9061/3,"Seminoma, NOS (C62._)"
9062/3,"Seminoma, anaplastic (C62._)"
9063/2,"Spermatocytic seminoma, in situ (C62._)"
9063/3,Spermatocytic seminoma (C62._)
9064/2,Intratubular malignant germ cells (C62._)
9064/3,Germinoma (C62._)
9065/3,"Germ cell tumor, nonseminomatous (C62._)"
9070/2,"Embryonal carcinoma, NOS, in situ"
9070/3,"Embryonal carcinoma, NOS"
9071/3,"Yolk sac tumor (C56.9 [F], C62._[M])"
9072/3,Polyembryoma
9073/1,"Gonadoblastoma (C56.9 [F], C62._[M])"
9073/3,"Gonadoblastoma, malignant (C56.9 [F], C62._[M])"
9080/0,"Teratoma, benign"
9080/1,"Teratoma, NOS"
9080/2,"Teratoma, in situ"
9080/3,"Teratoma, malignant, NOS"
9081/2,"Teratocarcinoma, in situ (C22.0)"
9081/3,Teratocarcinoma (C22.0)
9082/3,"Malignant teratoma, undifferentiated"
9083/3,"Malignant teratoma, intermediate"
9084/0,"Dermoid cyst, NOS"
9084/2,"Dermoid cyst, in situ, NOS"
9084/3,Teratoma with malignant transformation
9085/2,"Mixed germ cell tumor, in situ"
9085/3,Mixed germ cell tumor
9090/0,"Struma ovarii, NOS (C56.9)"
9090/3,"Struma ovarii, malignant (C56.9)"
9091/1,Strumal carcinoid (C56.9)
9091/3,"Strumal carcinoid, malignant (C56.9)"
9100/0,"Hydatidiform mole, NOS (C58.9)"
9100/1,Invasive hydatidiform mole (C58.9)
9100/2,"Choriocarcinoma in situ, NOS (C58.9)"
9100/3,"Choriocarcinoma, NOS (C58.9)"
9101/2,"Choriocarcinoma combined with other germ cell elements, in situ"
9101/3,Choriocarcinoma combined with other germ cell elements
9102/3,"Malignant teratoma, trophoblastic (C62._)"
9103/0,Partial hydatidiform mole (C58.9)
9103/3,"Partial hydatidiform mole, malignant (C58.9)"
9104/1,Placental site trophoblastic tumor (C58.9)
9104/3,Malignant placental site trophoblastic tumor (C58.9)
9105/3,"Trophoblastic tumor, epithelioid"
9110/0,"Mesonephroma, benign"
9110/1,"Mesonephric tumor, NOS"
9110/3,"Mesonephroma, malignant"
9120/0,"Hemangioma, NOS"
9120/3,Hemangiosarcoma (C49._)
9121/0,Cavernous hemangioma
9121/1,"Cavernous hemangioma, borderline"
9122/0,Venous hemangioma
9123/0,Racemose hemangioma
9124/3,Kupffer cell sarcoma (C22.0)
9125/0,Epithelioid hemangioma
9125/3,"Epithelioid hemangioma, malignant (C49._)"
9130/0,"Hemangioendothelioma, benign"
9130/1,"Hemangioendothelioma, NOS"
9130/3,"Hemangioendothelioma, malignant (C49._)"
9131/0,Capillary hemangioma
9132/0,Intramuscular hemangioma
9133/1,"Epithelioid hemangioendothelioma, NOS"
9135/1,Endovascular papillary angioendothelioma
9136/1,Spindle cell hemangioendothelioma
9140/3,Kaposi Sarcoma
9141/0,Angiokeratoma
9142/0,Verrucous keratotic hemangioma
9150/0,"Hemangiopericytoma, benign"
9150/1,"Hemangiopericytoma, NOS (C49._)"
9150/3,"Hemangiopericytoma, malignant (C49._)"
9160/0,"Angiofibroma, NOS"
9160/3,Angiofibrosarcoma (C49._)
9161/0,Acquired tufted hemangioma
9161/1,Hemangioblastoma (C49._)
9161/3,"Hemangioblastoma, malignant (C49._)"
9170/0,"Lymphangioma, NOS"
9170/3,Lymphangiosarcoma (C49._)
9171/0,Capillary lymphangioma
9172/0,Cavernous lymphangioma
9173/0,Cystic lymphangioma
9174/0,Lymphangiomyoma
9174/1,Lymphangiomyomatosis (C49._)
9175/0,Hemolymphangioma
9180/0,"Osteoma, NOS (C40._, C41._)"
9180/3,"Osteosarcoma, NOS (C40._, C41._)"
9181/3,"Chondroblastic osteosarcoma (C40._, C41._)"
9182/3,"Fibroblastic osteosarcoma (C40._, C41._)"
9183/3,"Telangiectatic osteosarcoma (C40._, C41._)"
9184/3,"Osteosarcoma in Paget disease of bone (C40._, C41._)"
9185/3,"Small cell osteosarcoma (C40._, C41._)"
9186/3,"Central osteosarcoma (C40._, C41._)"
9187/3,"Intraosseous well differentiated osteosarcoma (C40._, C41._)"
9191/0,"Osteoid osteoma (C40._, C41._)"
9192/3,"Parosteal osteosarcoma (C40._, C41._)"
9193/3,"Periosteal osteosarcoma (C40._, C41._)"
9194/3,"High grade surface osteosarcoma (C40._, C41._)"
9195/3,"Intracortical osteosarcoma (C40._, C41._)"
9200/0,"Osteoblastoma, NOS (C40._, C41._)"
9200/1,"Aggressive osteoblastoma (C40._, C41._)"
9200/3,"Osteosarcoma, malignant (C40._, C41._)"
9210/0,"Osteochondroma (C40._, C41._)"
9210/1,"Osteochondromatosis, NOS (C40._, C41._)"
9220/0,"Chondroma, NOS (C40._, C41.)"
9220/1,"Chondromatosis, NOS (C40._, C41._)"
9220/3,"Chondrosarcoma, NOS (C40._, C41._)"
9221/0,"Juxtacortical chondroma (C40._, C41._)"
9221/3,"Juxtacortical chondrosarcoma (C40._, C41._)"
9230/0,"Chondroblastoma, NOS (C40._, C41._)"
9230/3,"Chondroblastoma, malignant (C40._, C41._)"
9231/3,"Myxoid chondrosarcoma (C40._, C41._)"
9240/3,Mesenchymal chondrosarcoma (C49._)
9241/0,"Chondromyxoid fibroma (C40._, C41._)"
9242/3,"Clear cell chondrosarcoma (C40._, C41._)"
9243/3,"Dedifferentiated chondrosarcoma (C40._, C41._)"
9250/1,"Giant cell tumor of bone, NOS (C40._, C41._)"
9250/3,"Giant cell tumor of bone, malignant (C40._, C41._)"
9251/1,"Giant cell tumor of soft parts, NOS (C49._)"
9251/3,Malignant giant cell tumor of soft parts (C49._)
9252/0,Tenosynovial giant cell tumor (C49._)
9252/3,Malignant tenosynovial giant cell tumor (C49._)
9260/3,"Ewing sarcoma (C40._, C41._)"
9261/3,"Adamantinoma of long bones (C40._, C41._)"
9262/0,"Ossifying fibroma (C40._, C41._)"
9270/0,"Odontogenic tumor, benign (C41._)"
9270/1,"Odontogenic tumor, NOS (C41._)"
9270/3,"Odontogenic tumor, malignant (C41._)"
9271/0,Ameloblastic fibrodentinoma (C41._)
9272/0,"Cementoma, NOS (C41._)"
9273/0,"Cementoblastoma, benign (C41._)"
9274/0,Cementifying fibroma (C41._)
9275/0,Gigantiform cementoma (C41._)
9280/0,"Odontoma, NOS (C41._)"
9281/0,Compound odontoma (C41._)
9282/0,Complex odontoma (C41._)
9282/3,"Complex odontoma, malignant (C41._)"
9290/0,Ameloblastic fibro-odontoma (C41._)
9290/3,Ameloblastic odontosarcoma (C41._)
9300/0,Adenomatoid odontogenic tumor (C41._)
9301/0,Calcifying odontogenic cyst (C41._)
9302/0,Odontogenic ghost cell tumor (C41._)
9310/0,"Ameloblastoma, NOS (C41._)"
9310/3,"Ameloblastoma, malignant (C41._)"
9311/0,Odontoameloblastoma (C41._)
9312/0,Squamous odontogenic tumor (C41._)
9312/3,"Squamous odontogenic tumor, malignant (C41._)"
9320/0,Odontogenic myxoma (C41._)
9321/0,Central odontogenic fibroma (C41._)
9321/3,Central odontogenic fibrosarcoma (C41._)
9322/0,Peripheral odontogenic fibroma (C41._)
9330/0,Ameloblastic fibroma (C41._)
9330/3,Ameloblastic fibrosarcoma (C41._)
9340/0,Calcifying epithelial odontogenic tumor (C41._)
9341/1,Clear cell odontogenic tumor (C41._)
9342/3,Odontogenic carcinosarcoma (C41._)
9350/0,"Craniopharyngioma, benign (C75.2)"
9350/1,Craniopharyngioma (C75.2)
9350/3,"Craniopharyngioma, malignant (C75.2)"
9351/0,"Craniopharyngioma, adamantinomatous, benign (C75.2)"
9351/1,Adamantinomatous craniopharyngioma (C75.2)
9351/3,"Malignant craniopharyngioma, adamantinomatous (C75.2)"
9352/0,"Papillary craniopharyngioma, benign (C75.2)"
9352/1,Papillary craniopharyngioma (C75.2)
9360/0,"Pinealoma, benign (C75.3)"
9360/1,"Pinealoma, NOS (C75.3)"
9360/3,"Pinealoma, malignant (C75.3)"
9361/1,Pineocytoma (C75.3)
9361/3,"Pineocytoma, malignant (C75.3)"
9362/3,Pineoblastoma (C75.3)
9363/0,"Melanotic neuroectodermal tumor (C40._, C41._)"
9363/3,"Melanotic neuroectodermal tumor, malignant (C40._, C41._)"
9364/3,Peripheral neuroectodermal tumor
9365/3,Askin tumor
9370/3,"Chordoma, NOS"
9371/3,Chondroid chordoma
9372/3,Dedifferentiated chordoma
9373/0,Parachordoma
9380/0,"Glioma, benign (C71._)"
9380/1,"Glioma, borderline (C71._)"
9380/3,"Glioma, malignant (C71._)"
9381/0,"Gliomatosis cerebri, benign (C71._)"
9381/3,Gliomatosis cerebri (C71._)
9382/0,"Mixed glioma, benign (C71._)"
9382/3,Mixed glioma (C71._)
9383/1,Subependymoma (C71._)
9383/3,"Subependymoma, malignant (C71._)"
9384/1,Supependymal giant cell astrocytoma (C71._)
9384/3,"Supependymal giant cell astrocytoma, malignant (C71._)"
9390/0,"Choroid plexus papilloma, NOS (C71.5)"
9390/1,Atypical choroid plexus papilloma (C71.5)
9390/3,"Choroid plexus papilloma, malignant (C71.5)"
9391/3,"Ependymoma, NOS (C71._)"
9392/3,"Ependymoma, anaplastic (C71._)"
9393/0,"Papillary ependymoma, benign (C71._)"
9393/3,"Papillary ependymoma, NOS (C71._)"
9394/1,Myxopapillary ependymoma (C71._)
9394/3,"Myxopapillary ependymoma, malignant (C71._)"
9400/1,"Astrocytoma, borderline malignancy (C71._)"
9400/3,"Astrocytoma, NOS (C71._)"
9401/0,"Astrocytoma, anaplastic, benign (C71._)"
9401/3,"Astrocytoma, anaplastic (C71._)"
9410/3,Protoplasmic astrocytoma (C71._)
9411/3,Gemistocytic astrocytoma (C71._)
9412/1,Desmoplastic infantile astrocytoma (C71._)
9413/0,Dysembryoplastic neuroepithelial tumor
9413/1,"Dysembryoplastic neuroepithelial tumor, borderline"
9413/3,"Dysembryoplastic neuroepithelial tumor, malignant"
9420/3,Fibrillary astrocytoma (C71._)
9421/1,"Pilocytic astrocytoma, uncertain (C71._)"
9421/3,"Pilocytic astrocytoma, malignant (C71._)"
9423/3,Polar spongioblastoma (C71._)
9424/3,Pleomorphic xanthoastrocytoma (C71._)
9430/3,Astroblastoma (C71._)
9440/0,"Glioblastoma, benign (C71._)"
9440/1,"Glioblastoma, borderline (C71._)"
9440/3,"Glioblastoma, NOS (C71._)"
9441/3,Giant cell glioblastoma (C71._)
9442/1,Gliofibroma (C71._)
9442/3,Gliosarcoma (C71._)
9444/1,Chordoid glioma (C71._)
9450/0,"Oligodendroglioma, benign (C71._)"
9450/3,"Oligodendroglioma, NOS (C71._)"
9451/3,"Oligodendroglioma, anaplastic (C71._)"
9460/3,Oligodendroblastoma (C71._)
9470/3,"Medulloblastoma, NOS (C71.6)"
9471/3,Desmoplastic nodular medulloblastoma (C71.6)
9472/3,Medullomyoblastoma (C71.6)
9473/3,Primitive neuroectodermal tumor (C71._)
9474/3,Large cell medulloblastoma (C71.6)
9480/3,"Cerebellar sarcoma, NOS (C71.6)"
9493/0,Dysplastic gangliocytoma of cerebellum (C71.6)
9500/0,"Neuroblastoma, benign (C71._)"
9500/2,"Neuroblastoma, in situ"
9500/3,"Neuroblastoma, NOS (C71._)"
9501/0,"Medulloepithelioma, benign (C69.4)"
9501/3,"Medulloepithelioma, NOS (C69.4)"
9502/0,"Teratoid medulloepithelioma, benign (C69.4)"
9502/3,Teratoid medulloepithelioma
9503/3,"Neuroepithelioma, NOS"
9504/3,Spongioneuroblastoma
9505/0,"Ganglioglioma, benign"
9505/1,"Ganglioglioma, NOS"
9505/3,"Ganglioglioma, anaplastic"
9506/0,"Central neurocytoma, benign (C71.6)"
9506/1,Central neurocytoma
9506/3,"Neurocytoma, malignant"
9507/0,Pacinian tumor
9508/3,Atypical teratoid/rhabdoid tumor (C71._)
9510/0,Retinocytoma (C69.2)
9510/3,"Retinoblastoma, NOS (C69.2)"
9511/3,"Retinoblastoma, differentiated (C69.2)"
9512/3,"Retinoblastoma, undifferentiated (C69.2)"
9513/3,"Retinoblastoma, diffuse (C69.2)"
9514/1,"Retinoblastoma, spontaneously regressed (C69.2)"
9520/3,Olfactory neurogenic tumor (C30.0)
9521/3,Olfactory neurocytoma (C30.0)
9522/3,Olfactory neuroblastoma (C30.0)
9523/3,Olfactory neuroepithelioma (C30.0)
9530/0,"Meningioma, NOS (C70._)"
9530/1,"Meningiomatosis, NOS (C70._)"
9530/3,"Meningioma, malignant (C70._)"
9531/0,Meningiothelial meningioma (C70._)
9531/1,"Meningiothelial meningioma, borderline (C70._)"
9531/3,"Meningiothelial meningioma, malignant (C70._)"
9532/0,Fibrous meningioma (C70._)
9532/3,"Fibrous meningioma, malignant (C70._)"
9533/0,Psammomatous meningioma (C70._)
9533/3,"Psammomatous meningioma, malignant (C70._)"
9534/0,Angiomatous meningioma (C70._)
9534/3,"Angiomatous meningioma, malignant (C70._)"
9535/0,Hemangioblastic meningioma [OBS] (C70._)
9535/3,"Hemangioblastic meningioma, malignant (C70._)"
9537/0,Transitional meningioma (C70._)
9537/3,"Transitional meningioma, malignant (C70._)"
9538/0,"Clear cell meningioma, benign (C70._)"
9538/1,Clear cell meningioma (C70._)
9538/3,Papillary meningioma (C70._)
9539/0,"Atypical meningioma, benign (C70._)"
9539/1,"Atypical meningioma, uncertain (C70._)"
9539/3,Meningeal sarcomatosis (C70._)
9540/0,"Neurofibroma, NOS"
9540/1,"Neurofibromatosis, NOS"
9540/3,Malignant peripheral nerve sheath tumor
9541/0,Melanotic neurofibroma
9550/0,"Plexiform neurofibroma, NOS"
9550/1,"Plexiform neurofibroma, borderline malignant"
9560/0,"Neurilemoma, NOS"
9560/3,"Neurilemoma, malignant [OBS]"
9561/3,Malignant peripheral nerve sheath tumor with rhabdomyoblastic differentiation
9562/0,Neurothekeoma
9562/3,"Neurothekeoma, malignant"
9570/0,"Neuroma, NOS"
9571/0,"Perineurioma, benign, NOS"
9571/1,"Perineurioma, borderline malignant"
9571/3,"Perineurioma, malignant"
9580/0,"Granular cell tumor, NOS (C49._)"
9580/3,"Granular cell tumor, malignant (C49._)"
9581/3,Alveolar soft part sarcoma (C49._)
9582/0,Granular cell tumor of the sellar region (C49._)
9590/3,"Malignant lymphoma, NOS"
9591/3,"Non-Hodgkin lymphoma, NOS"
9596/3,"B-cell lymphoma, between diffuse large B and HL (composite HL and NHL) (C77._)"
9597/3,Primary cutaneous follicle centre lymphoma (ICD-O-3 update)
9650/3,Classical Hodgkin lymphoma (ICD-O-3 update) (C77._)
9651/3,Lymphocyte-rich classical Hodgkin lymphoma (ICD-O-3 update) (C77._)
9652/3,Mixed cellularity classical Hodgkin lymphoma (ICD-O-3 update) (C77._)
9653/3,Lymphocyte-depleted classical Hodgkin lymphoma (ICD-O-3 update) (C77._)
9654/3,"Hodgkin lymphoma, lymphocytic depletion, diffuse fibrosis [OBS], see 9653/3 (ICD-O-3 update) (C77._)"
9655/3,"Hodgkin lymphoma, lymphocyte depletion, reticular (C77._)"
9659/3,Nodular lymphocyte predominant Hodgkin lymphoma (ICD-O-3 update) (C77._)
9661/3,Hodgkin granuloma [OBS] (C77._)
9662/3,Hodgkin sarcoma [OBS] (C77._)
9663/3,Nodular sclerosis classical Hodgkin lymphoma (C77._)
9664/3,"Hodgkin lymphoma, nodular sclerosis, cellular phase [OBS], see 9663/3 (ICD-O-3 update) (C77._)"
9665/3,"Hodgkin lymphoma, nodular sclerosis, grade 1 [OBS], see 9663/3 (ICD-O-3 update) (C77._)"
9667/3,"Hodgkin lymphoma, nodular sclerosis, grade 2 [OBS], see 9663/3 (ICD-O-3 update) (C77._)"
9670/3,"Malignant lymphoma, small B lymphocytes, NOS [OBS], see 9823/3 (ICD-O-3 update)"
9671/3,Lymphoplasmacytic lymphoma
9673/3,Mantle cell lymphoma
9675/3,"Malignant lymphoma, mixed small and large cell, diffuse [OBS], see 9690/3"
9678/3,Primary effusion lymphoma
9679/3,"Primary mediastinal (thymic) large B-cell lymphoma (C37.9, C38.3)"
9680/3,Diffuse large B-cell lymphoma (DLBCL)
9684/3,"Malignant lymphoma, large B-cell, diffuse, immunoblastic, NOS [OBS], see 9680/3 (ICD-O-3 update)"
9687/3,Burkitt lymphoma
9688/3,T-cell histiocyte-rich large B-cell lymphoma (C77._)
9689/3,Splenic marginal zone lymphoma (C42.2)
9690/3,Follicular lymphoma
9691/3,"Follicular lymphoma, grade 2"
9695/3,"Follicular lymphoma, grade 1"
9698/3,"Follicular lymphoma, grade 3"
9699/3,Extranodal marginal zone lymphoma of mucosal-associated lymphoid tissue (MALT lymphoma)
9700/3,Mycosis fungoides (C44._)
9701/3,Sezary syndrome (C44._)
9702/3,"Peripheral T-cell lymphoma, NOS"
9705/3,Angioimmunoblastic T-cell lymphoma
9708/3,Subcutaneous panniculitis-like T-cell lymphoma (C49._)
9709/3,Primary cutaneous T-cell lymphoma (C44._)
9712/3,Intravascular large B-cell lymphoma (ICD-O-3 update)
9714/3,"Anaplastic large cell lymphoma, ALK-positive"
9716/3,Hepatosplenic T-cell lymphoma (C42.2)
9717/3,Enteropathy-associated T-cell lymphoma
9718/1,Lymphomatoid papulosis
9718/3,Primary cutaneous CD30-positive T-cell lymphoproliferative disorders (C44._)
9719/3,"Extranodal NK--/T-cell lymphoma, nasal type (ICD-O-3 update)"
9724/3,Systemic EBV-positive T-cell lymphoproliferative disease of childhood (ICD-O-3 update)
9725/3,Hydroa vacciniforme-like lymphoma (ICD-O-3 update) (C44.._)
9726/3,"Primary cutaneous gamma delta T-cell lymphoma (ICD-O-3 update) (C44._, C49._)"
9727/3,Blastic plasmacytoid dendritic cell neoplasm
9728/3,"Precursor B-lymphoblastic lymphoma [OBS], see 9811/3 (ICD-O-3 update)"
9729/3,"Precursor T--cell lymphoblastic lymphoma, NOS [OBS], see 9837/3 (ICD-O-3 update)"
9731/3,"Solitary plasmacytoma of bone (C40._, C41._)"
9733/3,"Plasma cell leukemia [OBS], see 9732/3 (ICD-O-3 update) (C42.1)"
9734/3,Extraosseous plasmacytoma
9735/3,Plasmablastic lymphoma (ICD-O-3 update)
9737/3,ALK-positive large B-cell lymphoma
9738/3,Large B-cell lymphoma arising in HHV8-associated multicentric Castleman disease (ICD-O-3 update)
9740/1,Solitary mastocytoma of skin
9740/3,Mast cell sarcoma
9741/3,Systemic mastocytosis (C42.1)
9742/3,Mast cell leukemia (C42.1)
9750/3,"Malignant histiocytosis [OBS], see code 9751/3 (ICD-O-3 update)"
9751/1,"Langerhans cell histiocytosis, NOS"
9751/3,Langerhans cell histiocytosis (ICD-O-3 update)
9752/1,"Langerhans cell histiocytosis, unifocal [OBS], see code 9751/3 (ICD-O-3 update)"
9753/1,"Langerhans cell histiocytosis, multifocal [OBS], see code 9751/3 (ICD-O-3 update)"
9754/3,"Langerhans cell histiocytosis, disseminated [OBS], see code 9751/3 (ICD-O-3 update)"
9755/3,Histiocytic sarcoma
9756/3,Langerhans cell sarcoma
9757/3,Interdigitating dendritic cell sarcoma
9758/3,Follicular dendritic cell sarcoma
9759/3,Fibroblastic reticular cell tumor (ICD-O-3 update)
9760/3,"Immunoproliferative disease, NOS [OBS] (ICD-O-3 update)"
9761/3,Waldenstrom macroglobulinemia (C42.0)
9762/3,Heavy chain disease
9764/3,"Immunoproliferative small intestinal disease [OBS], see code 9762/3 (ICD-O-3 update)"
9765/1,Monoclonal gammopathy of undetermined significance
9766/1,Angiocentric immunoproliferative lesion
9766/3,"Angiocentric immunoproliferative lesion, malignant"
9767/1,Angioimmunoblastic lymphadenopathy
9768/1,T gamma-lymphoproliferative disease
9769/1,Immunoglobulin deposition disease
9769/3,"Immunoglobulin deposition disease, malignant"
9800/3,"Leukemia, NOS (C42.1)"
9801/3,Acute undifferentiated leukemia (C42.1)
9805/3,"Acute biphenotypic leukemia [OBS], See codes 9806/3-9809/3 (ICD-O-3 update) (C42.1)"
9806/3,Mixed phenotype acute leukemia with t(9;22)(q34;q11.2);BCR-ABL1 (ICD-O-3 update) (C42.1)
9807/3,Mixed phenotype acute leukemia with t(v;11q23); MLL rearranged (ICD-O-3 update) (C42.1)
9808/3,"Mixed phenotype acute leukemia, B/myeloid, NOS (ICD-O-3 update) (C42.1)"
9809/3,"Mixed phenotype acute leukemia, T/myeloid, NOS (ICD-O-3 update) (C42.1)"
9811/3,"B lymphoblastic leukemia/lymphoma, NOS (ICD-O-3 update)"
9812/3,B Lymphoblastic leukemia/lymphoma with t(9;22)(q34;q11.2); BCR-ABL1 (ICD-O-3 update)
9813/3,B Lymphoblastic leukemia/lymphoma with t(v;11q23); MLL rearranged (ICD-O-3 update)
9814/3,B Lymphoblastic leukemia/lymphoma with t(12;21)(p13;q22); TEL-AML1 (ETV6-RUNX1) (ICD-O-3 update)
9815/3,B Lymphoblastic leukemia/lymphoma with hyperdiploidy (ICD-O-3 update)
9816/3,B Lymphoblastic leukemia/lymphoma with hypodiploidy (Hypodiploid ALL) (ICD-O-3 update)
9817/3,B Lymphoblastic leukemia/lymphoma with t(5;14)(q31;q32); IL3-IGH (ICD-O-3 update)
9818/3,B Lymphoblastic leukemia/lymphoma with t(1;19)(q23;p13.3);E2A-PBX1 (TCF3-PBX1) (ICD-O-3 update)
9820/3,"Lymphoid leukemia, NOS (C42.1)"
9823/3,Chronic lymphocytic leukemia/small lymphocytic lymphoma (ICD-O-3 update)
9826/3,Burkitt cell leukemia (C42.1)
9827/3,Adult T-cell leukemia/lymphoma (ICD-O-3 update)
9831/1,"T-cell large granular lymphocytic leukemia, low malignant potential (C42.1)"
9831/3,T-cell large granular lymphocytic leukemia
9832/3,"Prolymphocytic leukemia, NOS (C42.1)"
9833/3,B-cell prolymphocytic leukemia (ICD-O-3 update) (C42.1)
9834/3,T-cell prolymphocytic leukemia (ICD-O-3 update) (C42.1)
9835/3,"Precursor cell lymphoblastic leukemia, NOS [OBS} see 9811/3 (ICD-O-3 update) (C42.1)"
9836/3,Precursor B-cell lymphoblastic leukemia [OBS} see code 9811/3 (ICD-O-3 update) (C42.1)
9837/3,T lymphoblastic leukemia/lymphoma (ICD-O-3 update)
9840/3,Acute erythroid leukemia (C42.1)
9860/3,"Myeloid leukemia, NOS (C42.1)"
9861/3,"Acute myeloid leukemia, NOS (C42.1)"
9863/3,"Chronic myeloid leukemia, NOS (C42.1)"
9865/3,Acute myeloid leukemia with t(6;9)(p23;q34);DEK-NUP214 (ICD-O-3 update) (C42.1)
9866/3,Acute promyelocytic leukemia (AML with t(15;17)(q22;q12)) PML/RARA (C42.1)
9867/3,Acute myelomonocytic leukemia (C42.1)
9869/3,Acute myeloid leukemia with inv(3)(q21;q26.2) or t(3;3)(q21;q26.2); RPN1-EVI1 (C42.1)
9870/3,Acute basophilic leukemia (C42.1)
9871/3,"Acute myeloid leukemia with inv(16)(p13.1q22) or t(16;16)(p13.1;q22), CBFB-MYH11 (C42.1)"
9872/3,Acute myeloid leukemia with minimal differentiation (C42.1)
9873/3,Acute myeloid leukemia without maturation (C42.1)
9874/3,Acute myeloblastic leukemia with maturation (C42.1)
9875/3,"Chronic myelogenous leukemia, BCR/ABL1 positive (C42.1)"
9876/3,"Atypical chronic myeloid leukemia, BCR-ABL1 negative (C42.1)"
9891/3,Acute monoblastic and monocytic leukemia
9895/3,Acute myeloid leukemia with myelodysplasia-related changes (ICD-O-3 update) (C42.1)
9896/3,"Acute myeloid leukemia, t(8;21)(q22;q22) RUNX1-RUNX1T1 (ICD-O-3 update) (C42.1)"
9897/3,Acute myeloid leukemia with t(9;11)(p22;q23);MLLT3-MLL (ICD-O-3 update) (C42.1)
9898/1,Transient abnormal myelopoiesis (ICD-O-3 update (C42.1)
9898/3,Myeloid leukemia with Down Syndrome (ICD-O-3 update) (C42.1)
9910/3,Acute megakaryoblastic leukemia (C42.1)
9911/3,Acute myeloid leukemia (megakaryoblastic) with t(1;22)(p13;q13); RBM15-MKL1 (ICD-O-3 update) (C42.1)
9920/3,Therapy-related myeloid neoplasm (ICD-O-3 update) (C42.1)
9930/3,Myeloid sarcoma
9931/3,Acute panmyelosis with myelofibrosis (C42.1)
9940/3,Hairy cell leukemia (C42.1)
9945/3,Chronic myelomonocytic leukemia (C42.1)
9946/3,Juvenile myelomonocytic leukemia (C42.1)
9948/3,Aggressive NK-cell leukemia (C42.1)
9950/3,Polycythemia vera (C42.1)
9960/3,"Chronic myeloproliferative disease, NOS [OBS], see 9975/3 (ICD-O-3 update) (C42.1)"
9961/3,Primary myelofibrosis (C42.1)
9962/3,Essential thrombocythemia (C42.1)
9963/3,Chronic neutrophilic leukemia (C42.1)
9964/3,"Chronic eosinophilic leukemia, NOS (C42.1)"
9965/3,Myeloid and lymphoid neoplasms with PDGFRA rearrangement (ICD-O-3 update) (C42.1)
9966/3,Myeloid neoplasms with PDGFRB rearrangement (ICD-O-3 update) (C42.1)
9967/3,Myeloid and lymphoid neoplasms with FGFR1 ICD-O-3 update) (C42.1)
9970/1,"Lymphoproliferative disorder, NOS"
9970/3,"Lymphoproliferative disease, malignant, NOS"
9971/1,Plasmacytic hyperplasia (ICD-O-3 update)
9971/3,Post transplant lymphoproliferative disorder (ICD-O-3 update)
9975/1,"Myeloproliferative disease, NOS"
9975/3,Myelodsyplastic/myeloproliferative neoplasm unclassifiable (ICD-O-3 update) (C42.1)
9983/3,Refractory anemia with excess blasts (C42.1)
9984/3,"Refractory anemia with excess blasts in transformation [OBS], see 9983/3 (ICD-O-3 update) (C42.1)"
9985/3,Refractory cytopenia with multilineage dysplasia (C42.1)
9986/3,Myelodysplastic syndrome associated with isolated del(5q) (C42.1)
9987/3,"Therapy related myelodysplastic syndrome, NOS [OBS], see 9920/3 (ICD-O-3 update)"
9989/3,"Myelodysplastic syndrome, unclassifiable (ICD-O-3 update) (C42.1)"
9991/3,Refractory neutropenia (ICD-O-3 update) (C42.1)
9992/3,Refractory thrombocytopenia (ICD-O-3 Update) (C42.1)
8723/3,"Malignant melanoma, regressing (C44._)"
8723/0,Halo nevus (C44._)
9732/3,Plasma cell myeloma (C42.1)
8023/3,"NUT carcinoma (C30.0, C31.9, C34._)"
8054/3,"Warty carcinoma (C60.0-C60.2, C60.9)"
8158/1,"Endocrine tumor, functioning, NOS"
8163/3,Pancreatobiliary-type carcinoma (C24.1)
8256/3,"Minimally invasive adenocarcinoma, non-mucinous (C34._)"
8257/3,"Minimally invasive adenocarcinoma, mucinous (C34._)"
8265/3,"Micropapillary carcinoma, NOS (C18._, C19.9, C20.9, C34._)"
8311/3,Hereditary leiomyomatosis & RCC- associated renal cell carcinoma (C64.9)
8339/3,"Follicular thyroid carcinoma (FTC), encapsulated angoinvasive (C73.9)"
8343/2,Non-invasive EFVPTC (C73.9)
8474/3,Seromucinous carcinoma (C56.9)
8480/1,Low grade appendiceal mucinous neoplasm (C18.1)
8509/2,Solid papillary carcinoma in situ (C50._)
8509/3,Solid papillary carcinoma with invasion (C50._)
8519/2,Pleomorphic lobular carcinoma in situ (C50._)
8552/3,Mixed acinar ductal carcinoma
8594/1,"Mixed germ cell sex cord-stromal tumor, unclassified (C48.2, C56.9, C57.9)"
8714/3,"PEComa, malignant"
8811/1,Myxoinflammatory fibroblastic sarcoma (MIFS) (C49._)
8815/1,Solitary fibrous tumor/hemangiopericytoma Grade 2 (CNS) (C71._)
8975/1,Calcifying nested epithelial stromal tumor (C22.0)
9045/3,"Biphenotypic sinonasal sarcoma (C30.0, C31.0-C31.3, C31.8, C31.9)"
9086/3,Germ cell tumors with associated hematological malignancy (C37.9)
9137/3,Intimal sarcoma
9302/3,"Ghost cell odontogenic carcinoma (C41.0, C41.1)"
9341/3,"Clear cell odontogenic carcinoma (C41.0, C41.1)"
9385/3,"Diffuse midline glioma, H3 K27M-mutant (C71._)"
9395/3,Papillary tumor of pineal region (C75.3)
9396/3,"Ependymoma, RELA fusion-positive (C71._)"
9425/3,Pilomyxoid astrocytoma(C71._)
9431/1,Angiocentric glioma (C71._)
9432/1,Pituicytoma(C75.1)
9445/3,"Glioblastoma, IDH-mutant (C71._)"
9475/3,"Medulloblastoma, WNT-activated (C71._)"
9476/3,"Medulloblastoma, SHH-activated and TP53 mutant (C71._)"
9477/3,"Medulloblastoma, non-WNT/non-SHH (C71._)"
9478/3,"Embryonal tumor with multilayered rosettes, NOS (C71._)"
9509/1,Papillary glioneuronal tumor(C71._)
9542/3,"Epithelioid malignant peripheral nerve sheath tumor (C47.0-C47.6, C47.8, C47.9)"
9741/1,Indolent systemic mastocytosis
8213/3,"Serrated adenocarcinoma (C18.0, C18.2, C18.9, C19.9, C20.9)"
8250/3,Lepidic adenocarcinoma (C34._)
8250/2,"Adenocarcinoma in situ, non-mucinous (C34._)"
8253/3,Invasive mucinous adenocarcinoma (C34._)
8254/3,Mixed invasive mucinous and non-mucinous adenocarcinoma (C34._)
8500/3,Invasive carcinoma of no special type (C50._)
8507/3,Invasive micropapillary carcinoma (C50._)
8825/3,Myofibroblastic sarcoma
8983/3,Adenomyoepithelioma with carcinoma (C50._)
9133/3,Epithelioid hemangioendothelioma
9560/1,"Melanotic schwannoma (C72.4, C72.5)"
8148/2,"Glandular intraepithelial neoplasia, grade III"
8077/2,"Squamous intraepithelial neoplasia, grade III"
8720/3,"Malignant melanoma, NOS (C44._)"
9490/0,Ganglioneuroma
9490/3,Ganglioneuroblastoma
9491/0,Ganglioneuromatosis
9492/0,Gangliocytoma
8730/2,Amelanotic melanoma
8085/3,"Squamous cell carcinoma, HPV-positive (C01.9, C09.9, C10.2, C10.3, C10.8, C10.9, C31.0-C31.3, C31.9)"
8086/3,"Squamous cell carcinoma, HPV-negative (C01.9, C09.9, C10.2, C10.3, C10.8, C10.9, C31.0-C31.3, C31.9)"
9980/3,Myelodysplastic syndrome with single lineage dysplasia
9982/3,Myelodysplastic syndrome with ring sideroblasts and single lineage dysplasia
8523/3,Infiltrating duct mixed with other types of carcinoma (C50._)
